<?xml version="1.0" encoding="utf-8"?>
<rss version="2.0" xmlns:atom="http://www.w3.org/2005/Atom">
  <channel>
    <title>Neddie Smith News</title>
    <link>https://neddiesmithnews.co.uk/</link>
    <description>Official press releases and news for Neddie Smith.</description>
    <language>en-gb</language>
    <lastBuildDate>2025-10-22T15:49:00Z</lastBuildDate>
    <atom:link href="https://neddiesmithnews.co.uk/feed.xml" rel="self" type="application/rss+xml" />
    <item>
      <title>Sample press release: New single 'Wave After Wave' out now</title>
      <link>https://neddiesmithnews.co.uk/article-sample.html</link>
      <guid>https://neddiesmithnews.co.uk/article-sample.html</guid>
      <pubDate>Wed, 22 Oct 2025 00:00:00 GMT</pubDate>
      <description>Today, musical artist Neddie Smith releases his latest single 'Wave After Wave'.</description>
    </item>
  </channel>
</rss>
